sample,genus,taxon,group,country,r1,r2
2769,Gymnadenia,frivaldii,frivaldii,GRE,../chloro/raw-data/Sample_2769/2769_S41_L007_R1_001.fastq.gz,../chloro/raw-data/Sample_2769/2769_S41_L007_R2_001.fastq.gz
2759,Pseudorchis,tricuspis,Pseudorchis,SUI,../chloro/raw-data/Sample_2759/2759_S42_L007_R1_001.fastq.gz,../chloro/raw-data/Sample_2759/2759_S42_L007_R2_001.fastq.gz
2774,Gymnadenia,frivaldii,frivaldii,GRE,../chloro/raw-data/Sample_2774/2774_S43_L007_R1_001.fastq.gz,../chloro/raw-data/Sample_2774/2774_S43_L007_R2_001.fastq.gz
3312,Dactylorhiza,euxina,euxina,GEO,../chloro/raw-data/Sample_3312/3312_S44_L007_R1_001.fastq.gz,../chloro/raw-data/Sample_3312/3312_S44_L007_R2_001.fastq.gz
671,Dactylorhiza,iberica,iberica,GRE,../chloro/raw-data/Sample_671/671_S45_L007_R1_001.fastq.gz,../chloro/raw-data/Sample_671/671_S45_L007_R2_001.fastq.gz
544,Dactylorhiza,osmanica,incarnata_SE,TUR,../chloro/raw-data/Sample_544/544_S46_L007_R1_001.fastq.gz,../chloro/raw-data/Sample_544/544_S46_L007_R2_001.fastq.gz
1658,Dactylorhiza,kolaensis,maculata,NOR,../chloro/raw-data/Sample_1658/1658_S47_L007_R1_001.fastq.gz,../chloro/raw-data/Sample_1658/1658_S47_L007_R2_001.fastq.gz
561,Dactylorhiza,umbrosa,incarnata_SE,TUR,../chloro/raw-data/Sample_561/561_S48_L007_R1_001.fastq.gz,../chloro/raw-data/Sample_561/561_S48_L007_R2_001.fastq.gz
12240,Dactylorhiza,foliosa,maculata,POR,../chloro/raw-data/Sample_12240/12240_S49_L007_R1_001.fastq.gz,../chloro/raw-data/Sample_12240/12240_S49_L007_R2_001.fastq.gz
10452,Gymnadenia,conopsea,conopsea,GRE,../chloro/raw-data/Sample_10452/10452_S50_L007_R1_001.fastq.gz,../chloro/raw-data/Sample_10452/10452_S50_L007_R2_001.fastq.gz
10484,Gymnadenia,densiflora,conopsea,SWE,../chloro/raw-data/Sample_10484/10484_S51_L007_R1_001.fastq.gz,../chloro/raw-data/Sample_10484/10484_S51_L007_R2_001.fastq.gz
8712,Dactylorhiza,coccinea,incarnata,IRL,../chloro/raw-data/Sample_8712/8712_S52_L007_R1_001.fastq.gz,../chloro/raw-data/Sample_8712/8712_S52_L007_R2_001.fastq.gz
756,Dactylorhiza,armeniaca,armeniaca,TUR,../chloro/raw-data/Sample_756/756_S53_L007_R1_001.fastq.gz,../chloro/raw-data/Sample_756/756_S53_L007_R2_001.fastq.gz
2094,Dactylorhiza,cordigera,cordigera,GRE,../chloro/raw-data/Sample_2094/2094_S54_L007_R1_001.fastq.gz,../chloro/raw-data/Sample_2094/2094_S54_L007_R2_001.fastq.gz
786,Dactylorhiza,iberica,iberica,TUR,../chloro/raw-data/Sample_786/786_S55_L007_R1_001.fastq.gz,../chloro/raw-data/Sample_786/786_S55_L007_R2_001.fastq.gz
3275,Dactylorhiza,urvilleana,urvilleana,GEO,../chloro/raw-data/Sample_3275/3275_S56_L007_R1_001.fastq.gz,../chloro/raw-data/Sample_3275/3275_S56_L007_R2_001.fastq.gz
8328,Dactylorhiza,sphagnicola,sphagnicola,SWE,../chloro/raw-data/Sample_8328/8328_S57_L007_R1_001.fastq.gz,../chloro/raw-data/Sample_8328/8328_S57_L007_R2_001.fastq.gz
10089,Dactylorhiza,elata,elata,FRA,../chloro/raw-data/Sample_10089/10089_S58_L007_R1_001.fastq.gz,../chloro/raw-data/Sample_10089/10089_S58_L007_R2_001.fastq.gz
15070,Nigritella,austriaca,nigra,ITA,../chloro/raw-data/Sample_15070/15070_S59_L007_R1_001.fastq.gz,../chloro/raw-data/Sample_15070/15070_S59_L007_R2_001.fastq.gz
15537,Gymnigritella,runei,nigra,SWE,../chloro/raw-data/Sample_15537/15537_S60_L007_R1_001.fastq.gz,../chloro/raw-data/Sample_15537/15537_S60_L007_R2_001.fastq.gz
15052,Nigritella,buschmanniae,widderi,ITA,../chloro/raw-data/Sample_15052/15052_S61_L007_R1_001.fastq.gz,../chloro/raw-data/Sample_15052/15052_S61_L007_R2_001.fastq.gz
10576,Dactylorhiza,ochroleuca,incarnata,SWE,../chloro/raw-data/Sample_10576/10576_S62_L007_R1_001.fastq.gz,../chloro/raw-data/Sample_10576/10576_S62_L007_R2_001.fastq.gz
15398,Nigritella,corneliana,dipl_Nigritella,FRA,../chloro/raw-data/Sample_15398/15398_S63_L007_R1_001.fastq.gz,../chloro/raw-data/Sample_15398/15398_S63_L007_R2_001.fastq.gz
15584,Nigritella,miniata,miniata,AUT,../chloro/raw-data/Sample_15584/15584_S64_L007_R1_001.fastq.gz,../chloro/raw-data/Sample_15584/15584_S64_L007_R2_001.fastq.gz
773,Dactylorhiza,urvilleana,urvilleana,TUR,../chloro/raw-data/Sample_773/773_S65_L007_R1_001.fastq.gz,../chloro/raw-data/Sample_773/773_S65_L007_R2_001.fastq.gz
196,Dactylorhiza,saccifera,maculata,GRE,../chloro/raw-data/Sample_196/196_S66_L007_R1_001.fastq.gz,../chloro/raw-data/Sample_196/196_S66_L007_R2_001.fastq.gz
763,Dactylorhiza,euxina,euxina,TUR,../chloro/raw-data/Sample_763/763_S67_L007_R1_001.fastq.gz,../chloro/raw-data/Sample_763/763_S67_L007_R2_001.fastq.gz
2740,Pseudorchis,straminea,Pseudorchis,SWE,../chloro/raw-data/Sample_2740/2740_S68_L007_R1_001.fastq.gz,../chloro/raw-data/Sample_2740/2740_S68_L007_R2_001.fastq.gz
2127,Dactylorhiza,cordigera,cordigera,GRE,../chloro/raw-data/Sample_2127/2127_S69_L007_R1_001.fastq.gz,../chloro/raw-data/Sample_2127/2127_S69_L007_R2_001.fastq.gz
3358,Dactylorhiza,armeniaca,armeniaca,GEO,../chloro/raw-data/Sample_3358/3358_S70_L007_R1_001.fastq.gz,../chloro/raw-data/Sample_3358/3358_S70_L007_R2_001.fastq.gz
4084,Dactylorhiza,lapponica,majalis,SWE,../chloro/raw-data/Sample_4084/4084_S71_L007_R1_001.fastq.gz,../chloro/raw-data/Sample_4084/4084_S71_L007_R2_001.fastq.gz
4204,Dactylorhiza,russowii,majalis,EST,../chloro/raw-data/Sample_4204/4204_S72_L007_R1_001.fastq.gz,../chloro/raw-data/Sample_4204/4204_S72_L007_R2_001.fastq.gz
8625,Dactylorhiza,caramulensis,maculata,POR,../chloro/raw-data/Sample_8625/8625_S73_L007_R1_001.fastq.gz,../chloro/raw-data/Sample_8625/8625_S73_L007_R2_001.fastq.gz
9779,Nigritella,nigra,nigra,SWE,../chloro/raw-data/Sample_9779/9779_S74_L007_R1_001.fastq.gz,../chloro/raw-data/Sample_9779/9779_S74_L007_R2_001.fastq.gz
8424,Dactylorhiza,viridis,viridis,ISL,../chloro/raw-data/Sample_8424/8424_S75_L007_R1_001.fastq.gz,../chloro/raw-data/Sample_8424/8424_S75_L007_R2_001.fastq.gz
9696,Nigritella,rhellicani,dipl_Nigritella,ITA,../chloro/raw-data/Sample_9696/9696_S76_L007_R1_001.fastq.gz,../chloro/raw-data/Sample_9696/9696_S76_L007_R2_001.fastq.gz
20,Dactylorhiza,maculata,maculata,SWE,../chloro/raw-data/Sample_20/20_S77_L007_R1_001.fastq.gz,../chloro/raw-data/Sample_20/20_S77_L007_R2_001.fastq.gz
425,Dactylorhiza,maculata,maculata,SWE,../chloro/raw-data/Sample_425/425_S78_L007_R1_001.fastq.gz,../chloro/raw-data/Sample_425/425_S78_L007_R2_001.fastq.gz
633,Dactylorhiza,cordigera,cordigera,GRE,../chloro/raw-data/Sample_633/633_S79_L007_R1_001.fastq.gz,../chloro/raw-data/Sample_633/633_S79_L007_R2_001.fastq.gz
2105,Dactylorhiza,mad,mad,GRE,../chloro/raw-data/Sample_2105/2105_S80_L007_R1_001.fastq.gz,../chloro/raw-data/Sample_2105/2105_S80_L007_R2_001.fastq.gz
2170,Dactylorhiza,elatior,allo_odd,SWE,../chloro/raw-data/Sample_2170/2170_S81_L007_R1_001.fastq.gz,../chloro/raw-data/Sample_2170/2170_S81_L007_R2_001.fastq.gz
2723,Dactylorhiza,saccifera,maculata,ITA,../chloro/raw-data/Sample_2723/2723_S82_L007_R1_001.fastq.gz,../chloro/raw-data/Sample_2723/2723_S82_L007_R2_001.fastq.gz
3173,Platanthera,bifolia,Platanthera,SWE,../chloro/raw-data/Sample_3173/3173_S83_L007_R1_001.fastq.gz,../chloro/raw-data/Sample_3173/3173_S83_L007_R2_001.fastq.gz
3174,Platanthera,chlorantha,Platanthera,SWE,../chloro/raw-data/Sample_3174/3174_S84_L007_R1_001.fastq.gz,../chloro/raw-data/Sample_3174/3174_S84_L007_R2_001.fastq.gz
3201,Dactylorhiza,elata,elata,POR,../chloro/raw-data/Sample_3201/3201_S85_L007_R1_001.fastq.gz,../chloro/raw-data/Sample_3201/3201_S85_L007_R2_001.fastq.gz
3764,Dactylorhiza,ericetorum,maculata,ENG,../chloro/raw-data/Sample_3764/3764_S86_L007_R1_001.fastq.gz,../chloro/raw-data/Sample_3764/3764_S86_L007_R2_001.fastq.gz
3864,Dactylorhiza,majalis,majalis,SWE,../chloro/raw-data/Sample_3864/3864_S87_L007_R1_001.fastq.gz,../chloro/raw-data/Sample_3864/3864_S87_L007_R2_001.fastq.gz
4537,Dactylorhiza,umbrosa,incarnata_SE,IRA,../chloro/raw-data/Sample_4537/4537_S88_L007_R1_001.fastq.gz,../chloro/raw-data/Sample_4537/4537_S88_L007_R2_001.fastq.gz
2709,Dactylorhiza,pythagoreae,allo_odd,GRE,../chloro/raw-data/Sample_2709/2709_S89_L008_R1_001.fastq.gz,../chloro/raw-data/Sample_2709/2709_S89_L008_R2_001.fastq.gz
3879,Dactylorhiza,majalis,majalis,GER,../chloro/raw-data/Sample_3879/3879_S90_L008_R1_001.fastq.gz,../chloro/raw-data/Sample_3879/3879_S90_L008_R2_001.fastq.gz
6256,Dactylorhiza,cordigera,cordigera,BUL,../chloro/raw-data/Sample_6256/6256_S91_L008_R1_001.fastq.gz,../chloro/raw-data/Sample_6256/6256_S91_L008_R2_001.fastq.gz
6917,Dactylorhiza,saccifera,maculata,GEO,../chloro/raw-data/Sample_6917/6917_S92_L008_R1_001.fastq.gz,../chloro/raw-data/Sample_6917/6917_S92_L008_R2_001.fastq.gz
9867,Nigritella,miniata,miniata,SUI,../chloro/raw-data/Sample_9867/9867_S93_L008_R1_001.fastq.gz,../chloro/raw-data/Sample_9867/9867_S93_L008_R2_001.fastq.gz
10020,Dactylorhiza,elata,elata,FRA,../chloro/raw-data/Sample_10020/10020_S94_L008_R1_001.fastq.gz,../chloro/raw-data/Sample_10020/10020_S94_L008_R2_001.fastq.gz
10459,Gymnadenia,conopsea,conopsea,FRA,../chloro/raw-data/Sample_10459/10459_S95_L008_R1_001.fastq.gz,../chloro/raw-data/Sample_10459/10459_S95_L008_R2_001.fastq.gz
10493,Gymnadenia,odoratissima,odoratissima,SWE,../chloro/raw-data/Sample_10493/10493_S96_L008_R1_001.fastq.gz,../chloro/raw-data/Sample_10493/10493_S96_L008_R2_001.fastq.gz
10496,Gymnadenia,conopsea,conopsea,GEO,../chloro/raw-data/Sample_10496/10496_S97_L008_R1_001.fastq.gz,../chloro/raw-data/Sample_10496/10496_S97_L008_R2_001.fastq.gz
14108,Dactylorhiza,majalis,majalis,BEL,../chloro/raw-data/Sample_14108/14108_S98_L008_R1_001.fastq.gz,../chloro/raw-data/Sample_14108/14108_S98_L008_R2_001.fastq.gz
14323,Dactylorhiza,sphagnicola,sphagnicola,BEL,../chloro/raw-data/Sample_14323/14323_S99_L008_R1_001.fastq.gz,../chloro/raw-data/Sample_14323/14323_S99_L008_R2_001.fastq.gz
15704,Nigritella,miniata,miniata,ITA,../chloro/raw-data/Sample_15704/15704_S100_L008_R1_001.fastq.gz,../chloro/raw-data/Sample_15704/15704_S100_L008_R2_001.fastq.gz
4187,Dactylorhiza,russowi,majalis,EST,../chloro/raw-data/Sample_4187/4187_S101_L008_R1_001.fastq.gz,../chloro/raw-data/Sample_4187/4187_S101_L008_R2_001.fastq.gz
5911,Dactylorhiza,fuchsii,maculata,RUS,../chloro/raw-data/Sample_5911/5911_S102_L008_R1_001.fastq.gz,../chloro/raw-data/Sample_5911/5911_S102_L008_R2_001.fastq.gz
6482,Dactylorhiza,incarnata,incarnata,GEO,../chloro/raw-data/Sample_6482/6482_S103_L008_R1_001.fastq.gz,../chloro/raw-data/Sample_6482/6482_S103_L008_R2_001.fastq.gz
6516,Dactylorhiza,euxina,euxina,GEO,../chloro/raw-data/Sample_6516/6516_S104_L008_R1_001.fastq.gz,../chloro/raw-data/Sample_6516/6516_S104_L008_R2_001.fastq.gz
7255,Dactylorhiza,viridis,viridis,ITA,../chloro/raw-data/Sample_7255/7255_S105_L008_R1_001.fastq.gz,../chloro/raw-data/Sample_7255/7255_S105_L008_R2_001.fastq.gz
7756,Dactylorhiza,saccifera,maculata,ITA,../chloro/raw-data/Sample_7756/7756_S106_L008_R1_001.fastq.gz,../chloro/raw-data/Sample_7756/7756_S106_L008_R2_001.fastq.gz
9796,Nigritella,archiducis-joannis,widderi,AUT,../chloro/raw-data/Sample_9796/9796_S107_L008_R1_001.fastq.gz,../chloro/raw-data/Sample_9796/9796_S107_L008_R2_001.fastq.gz
9974,Nigritella,widderi,widderi,AUT,../chloro/raw-data/Sample_9974/9974_S108_L008_R1_001.fastq.gz,../chloro/raw-data/Sample_9974/9974_S108_L008_R2_001.fastq.gz
10083,Dactylorhiza,ela,ela,FRA,../chloro/raw-data/Sample_10083/10083_S109_L008_R1_001.fastq.gz,../chloro/raw-data/Sample_10083/10083_S109_L008_R2_001.fastq.gz
10106,Dactylorhiza,occitanica,majalis,FRA,../chloro/raw-data/Sample_10106/10106_S110_L008_R1_001.fastq.gz,../chloro/raw-data/Sample_10106/10106_S110_L008_R2_001.fastq.gz
10472,Gymnadenia,odoratissima,odoratissima,ITA,../chloro/raw-data/Sample_10472/10472_S111_L008_R1_001.fastq.gz,../chloro/raw-data/Sample_10472/10472_S111_L008_R2_001.fastq.gz
14089,Dactylorhiza,maculata,maculata,BEL,../chloro/raw-data/Sample_14089/14089_S112_L008_R1_001.fastq.gz,../chloro/raw-data/Sample_14089/14089_S112_L008_R2_001.fastq.gz
1379,Dactylorhiza,fuchsii,maculata,SWE,../chloro/raw-data/Sample_1379/1379_S113_L008_R1_001.fastq.gz,../chloro/raw-data/Sample_1379/1379_S113_L008_R2_001.fastq.gz
4148,Dactylorhiza,lapponica,majalis,FIN,../chloro/raw-data/Sample_4148/4148_S114_L008_R1_001.fastq.gz,../chloro/raw-data/Sample_4148/4148_S114_L008_R2_001.fastq.gz
5548,Dactylorhiza,saccifera,maculata,BUL,../chloro/raw-data/Sample_5548/5548_S115_L008_R1_001.fastq.gz,../chloro/raw-data/Sample_5548/5548_S115_L008_R2_001.fastq.gz
9341,Nigritella,miniata,miniata,AUT,../chloro/raw-data/Sample_9341/9341_S116_L008_R1_001.fastq.gz,../chloro/raw-data/Sample_9341/9341_S116_L008_R2_001.fastq.gz
14534,Dactylorhiza,maurusia,maculata,MAR,../chloro/raw-data/Sample_14534/14534_S117_L008_R1_001.fastq.gz,../chloro/raw-data/Sample_14534/14534_S117_L008_R2_001.fastq.gz
15002,Nigritella,gabasiana,dipl_Nigritella,FRA,../chloro/raw-data/Sample_15002/15002_S118_L008_R1_001.fastq.gz,../chloro/raw-data/Sample_15002/15002_S118_L008_R2_001.fastq.gz
15249,Gymnadenia,odoratissima,odoratissima,SWE,../chloro/raw-data/Sample_15249/15249_S119_L008_R1_001.fastq.gz,../chloro/raw-data/Sample_15249/15249_S119_L008_R2_001.fastq.gz
15316,Gymnadenia,conopsea,conopsea,SWE,../chloro/raw-data/Sample_15316/15316_S120_L008_R1_001.fastq.gz,../chloro/raw-data/Sample_15316/15316_S120_L008_R2_001.fastq.gz
15368,Nigritella,miniata,miniata,AUT,../chloro/raw-data/Sample_15368/15368_S121_L008_R1_001.fastq.gz,../chloro/raw-data/Sample_15368/15368_S121_L008_R2_001.fastq.gz
16653,Gymnadenia,conopsea,conopsea,SWE,../chloro/raw-data/Sample_16653/16653_S122_L008_R1_001.fastq.gz,../chloro/raw-data/Sample_16653/16653_S122_L008_R2_001.fastq.gz
579,Galearis,NA,NA,NA,../chloro/raw-data/Sample_579/579_S123_L008_R1_001.fastq.gz,../chloro/raw-data/Sample_579/579_S123_L008_R2_001.fastq.gz
3328,Gymnadenia,borealis,NA,NA,../chloro/raw-data/Sample_3328/3328_S124_L008_R1_001.fastq.gz,../chloro/raw-data/Sample_3328/3328_S124_L008_R2_001.fastq.gz
689,Dactylorhiza,sambucina,sambucina,ITA,../chloro/raw-data/Sample_689/689_S125_L008_R1_001.fastq.gz,../chloro/raw-data/Sample_689/689_S125_L008_R2_001.fastq.gz
946,Dactylorhiza,kalopissii,allo_odd,GRE,../chloro/raw-data/Sample_946/946_S126_L008_R1_001.fastq.gz,../chloro/raw-data/Sample_946/946_S126_L008_R2_001.fastq.gz
1466,Dactylorhiza,maculata,maculata,FRO,../chloro/raw-data/Sample_1466/1466_S127_L008_R1_001.fastq.gz,../chloro/raw-data/Sample_1466/1466_S127_L008_R2_001.fastq.gz
2118,Dactylorhiza,graeca,cordigera,GRE,../chloro/raw-data/Sample_2118/2118_S128_L008_R1_001.fastq.gz,../chloro/raw-data/Sample_2118/2118_S128_L008_R2_001.fastq.gz
7257,Dactylorhiza,sambucina,sambucina,ITA,../chloro/raw-data/Sample_7257/7257_S129_L008_R1_001.fastq.gz,../chloro/raw-data/Sample_7257/7257_S129_L008_R2_001.fastq.gz
7791,Dactylorhiza,cyrnea,maculata,FRA,../chloro/raw-data/Sample_7791/7791_S130_L008_R1_001.fastq.gz,../chloro/raw-data/Sample_7791/7791_S130_L008_R2_001.fastq.gz
10038,Dactylorhiza,alpestris,majalis,FRA,../chloro/raw-data/Sample_10038/10038_S131_L008_R1_001.fastq.gz,../chloro/raw-data/Sample_10038/10038_S131_L008_R2_001.fastq.gz
10044,Dactylorhiza,alpestris,majalis,FRA,../chloro/raw-data/Sample_10044/10044_S132_L008_R1_001.fastq.gz,../chloro/raw-data/Sample_10044/10044_S132_L008_R2_001.fastq.gz
10126,Dactylorhiza,majalis,majalis,GER,../chloro/raw-data/Sample_10126/10126_S133_L008_R1_001.fastq.gz,../chloro/raw-data/Sample_10126/10126_S133_L008_R2_001.fastq.gz
10345,Dactylorhiza,fuc,fuc,FRA,../chloro/raw-data/Sample_10345/10345_S134_L008_R1_001.fastq.gz,../chloro/raw-data/Sample_10345/10345_S134_L008_R2_001.fastq.gz
12262,Dactylorhiza,foliosa,maculata,POR,../chloro/raw-data/Sample_12262/12262_S135_L008_R1_001.fastq.gz,../chloro/raw-data/Sample_12262/12262_S135_L008_R2_001.fastq.gz
12553,Dactylorhiza,purpurella,allo_odd,NOR,../chloro/raw-data/Sample_12553/12553_S136_L008_R1_001.fastq.gz,../chloro/raw-data/Sample_12553/12553_S136_L008_R2_001.fastq.gz
