dvpr_trnL5-trnL3	CGAAATCGGTAGACGCTACG	GGGGATAGAGGGACTTGAAC
dvpr_trnL5-trnLR5	cgAAATcggTAgAcgcTAcg	cgTTAgAAcAgcTTccATTg
dvpr_Orch1F-Orch1R	ACTAAAAATGGGCAATCCTGAGCCA	GAACAGCTTCCATTGAGTCT
dvpr_trnLF7-trnLR7	CATAGCAAATGATTCATCGC	TAGGGGGTTTCTATAGAACC
dvpr_trnLF4-trnLR4	ATccAcTcTcATTgAAgTTg	gATcTATcAAAcTcTggAATg
dvpr_trnLF6-trnLR6	CCTGCACAAATTAACATATATG	CGTGCATCATCCTAGCAGAG
dvpr_psbC-trnS1	GGTCGTGACCAAGAAACCAC	ggTTcgAATcccTcTcTcTc
dvpr_psbC2-trnS2	gTgTTccTAAcTgcccAcTT	AgAgTTTcAggTccTAccTA
dvpr_trnS2f-trnS1	TAGGTAGGACCTGAAACTCT	ggTTcgAATcccTcTcTcTc
dvpr_trnHt-trnK1A	ACGGGAATTGAACCCGCGCA	CCGACTAGTTCCGGGTTCGA
dvpr_trnHt-HK2R	ACGGGAATTGAACCCGCGCA	CGTGTCACGGCTGATTACTC
dvpr_trnHt-HK3R	ACGGGAATTGAACCCGCGCA	CCCGATAAATGATTAGCTAC
dvpr_HK1F-HK2R	GATTCTTACCCTCATACTTC	CGTGTCACGGCTGATTACTC
dvpr_HK1F-HK3R	GATTCTTACCCTCATACTTC	CCCGATAAATGATTAGCTAC
dvpr_HK7F-HK8R	CACCTAGACACTTATCATTC	CCGATTTCTCCAAATTTTCG
dvpr_HK8F-HK9R	CGAAAATTTGGAGAAATCGG	CTAGCTTCTGTGGAAGTTCC
dvpr_HK6F-trnK1A	GGCTTGTACTTTCGCGTCTC	CCGACTAGTTCCGGGTTCGA
dvpr_HK10F-trnK1A	GAAAGGCTTGTTATTTCACAG	CCGACTAGTTCCGGGTTCGA
dvpr_F71-F71R1	GCTATGCTTAGTGTGTGACTCGTTG	GACTGTTTCTTGGGATCTCG
dvpr_F71-F71R2	GCTATGCTTAGTGTGTGACTCGTTG	AGTTTATAGTGGGGTCAGCC
dvpr_F71F2-R622R2	CGAGATCCCAAGAAACAGTC	TCCGCCTTTTCTACATCCC
dvpr_trnC-trnD1	CCAGTTCAAATCTGGGTGTC	GGGATTGTAGTTCAATTGGT
dvpr_trnC-trnC1R	CCAGTTCAAATCTGGGTGTC	GGTACCTGTTTGAGCCACAC
dvpr_trnC4F-trnC2R	GATTCAAAAGGGGACGTTGC	GGGTTCAGATGAAACCACAC
dvpr_trnD1F1-trnD1R2	AGTTCCCCGTCCTACCTTTCAC	GCCCCACGGAGCGGTTAGGG
dvpr_ccmp10F-ccmp10R	TTTTTTTTTAGTGAACGTGTCA	TTCGTCGDCGTAGTAAATAG
dvpr_ccmp10F-ccmp10R2	TTTTTTTTTAGTGAACGTGTCA	CAGATTAAGATACGAGATATTGG
dvpr_trnSf-trnG	GCCGCTTTAGTCCACTCAGC	GAACGAATCACACTTTTACCAC
dvpr_trnSf-trnSGr1	GCCGCTTTAGTCCACTCAGC	GGATAAATCCGTTTCGAATC
dvpr_trnSGf2-trnSGr2	CCTAATTCTTAGAAAGAATATGAG	GAATAGATATAGAATCTTACTC
dvpr_trnSGf3-trnSGr3	GAGTAATAGTGTTCTAATAAGAG	CAGACGCAGTCAAGATAGCA
dvpr_trnV-rbcLr	CGAACCGTAGACCTTCTCGG	GCTTTAGTCTCTGTTTGTGG
dvpr_trnQ-trnRr	GGGACGGAAGGATTCGAACC	AATGCGTCCAATAGGATTTGAA
dvpr_trnK2-trnQr	TAAAAGCCGAGTACTCTACCGTTG	CTATTCGGAGGTTCGAATCCTTCC
dvpr_rpoC1-trnCr	GCACAAATTCCRCTTTTTATRGG	CGACACCCRGATTTGAACTGG
dvpr_trnT-psbCr	GCCCTTTTAACTCAGTGGTA	GAGCTTGAGAAGCTTCTGGT
dvpr_trnfM-psaAr	GAACCCGTGACCTCAAGGTTATG	ATTCGTTCGCCGGAACCAGAAGT
dvpr_trnF-trnVr	CTCGTGTCACCAGTTCAAAT	CCGAGAAGGTCTACGGTTCG
dvpr_nad42-nad43r	CTCCTCAGTAGCCCATATGA	AACCAGTCCATGACTTAACA
dvpr_nad51-nad52r	TTTTTTCGGACGTTTTCTAG	TTTGGCCAAGTATCCTACAA
dvpr_nad72-nad73r	GCTTTACCTTATTCTGATCG	TGTTCTTGGGCCATCATAGA
dvpr_nad73-nad74r	TCTATGATGGCCCAAGAACA	ACACCAAATTCTCCTTTAGG
dvpr_nad12-nad13r	GCATTACGATCTGCAGCTCA	GGAGCTCGATTAGTTTCTGC
dvpr_nad41-nad42r	CAGTGGGTTGGTCTGGTATG	TCATATGGGCTACTGAGGAG
sm_Cy5trnL5-trnLR5	CGAAATCGGTAGACGCTACGC	CGTTAGAACAGCTTCCATTG
sm_Cy5trnLF7-trnLR7	CATAGCAAATGATTCATCGC	TAGGGGGTTTCTATAGAACC
sm_Cy5trnLR4-trnLF4	ATCCACTCTCATTGAAGTTG	GATCTATCAAACTCTGGAATG
sm_Cy5trnLF6-trnLR6	CCTGCACAAATTAACATATATG	CGTGCATCATCCTAGCAGAG
sm_Cy5trnL2-Cy5trnF	GGTTCAAGTCCCTCTATCCC	ATTTGAACTGGTGACACGAG
sm_Cy5trnS2-psbC2	AGAGTTTCAGGTCCTACCTA	GTGTTCCTAACTGCCCACTT
sm_Cy5trnS1-trnS2f	GGTTCGAATCCCTCTCTCTC	TAGGTAGGACCTGAAACTCT
sm_Cy5trnHt-HK2R	ACGGGAATTGAACCCGCGCA	CGTGTCACGGCTGATTACTC
sm_Cy5trnHt-HK3R	ACGGGAATTGAACCCGCGCA	CCCGATAAATGATTAGCTAC
sm_Cy5HK1F-HK2R	GATTCTTACCCTCATACTTC	CGTGTCACGGCTGATTACTC
sm_Cy5HK1F-HK3R	GATTCTTACCCTCATACTTC	CCCGATAAATGATTAGCTAC
sm_Cy5HK7F-HK8R	CACCTAGACACTTATCATTC	CCGATTTCTCCAAATTTTCG
sm_Cy5HK9R-HK8F	CTAGCTTCTGTGGAAGTTCC	CGAAAATTTGGAGAAATCGG
sm_Cy5trnK1A-HK6F	CCGACTAGTTCCGGGTTCGA	GGCTTGTACTTTCGCGTCTC
sm_Cy5trnK1A-HK10F	CCGACTAGTTCCGGGTTCGA	GAAAGGCTTGTTATTTCACAG
sm_Cy5F71-F71R1	GCTATGCTTAGTGTGTGACTCGTTG	GACTGTTTCTTGGGATCTCG
sm_Cy5F71-F71R2	GCTATGCTTAGTGTGTGACTCGTTG	AGTTTATAGTGGGGTCAGCC
sm_Cy5F71F2-R622R2	CGAGATCCCAAGAAACAGTC	TCCGCCTTTTCTACATCCC
sm_Cy5trnC-trnC1R	CCAGTTCAAATCTGGGTGTC	GGTACCTGTTTGAGCCACAC
sm_Cy5trnC4F-trnC2R	GATTCAAAAGGGGACGTTGC	GGGTTCAGATGAAACCACAC
sm_Cy5D1R2-D1F1	GCCCCACGGAGCGGTTAGGG	AGTTCCCCGTCCTACCTTTCAC
sm_Cy5ccmp10F-ccmp10R2	TTTTTTTTTAGTGAACGTGTCA	CAGATTAAGATACGAGATATTGG
sm_Cy5trnSf-trnSGr1	GCCGCTTTAGTCCACTCAGC	GGATAAATCCGTTTCGAATC
sm_Cy5trnSGf2-trnSGr2	CCTAATTCTTAGAAAGAATATGAG	GAATAGATATAGAATCTTACTC
sm_Cy5trnSGf3-trnSGr3	GAGTAATAGTGTTCTAATAAGAG	CAGACGCAGTCAAGATAGCA
sm_2F-2R2	GTGCATTCAGATTAGTGTTC	CGACCCGAATATGAGTTTT
sm_3F-3R	GTGGTCATTGATAAGGTACCA	TCCGATGGACTGCAGGTAA
sm_6F-6R	ATTTAACGGGCACAAGTAGA	GGCATCAGCACTTTTCAG
sm_8F2-8R2	AGTGATTGATGTCTCAGGATG 	TGGGGATCATATTGCTTTAC
sm_11F-11R	CGCCGACAAACTCTACATC	CGATCCTCATCCTGTTTTG
sm_12F-12R	CAGATGTTTATCCGTCTTTG	ATTCTGGACATTGATTACGG
sm_13F-13R	GGCATCAGGCTCTTCTTC	GAATCAGTAAAATCGGGATC
sm_14F-14R	GTTGCTCTCGTATGAAATGG	TGGCAAAACCTTCTATCTTG
sm_D963F-D963R	TCCATATCCCCCTTCCTCAA	CTCTCTCTCTCTTGTCTTTA
sm_D3978F-D3978R	GAGATATATAGAGTGGTGGT	TATGCGTTGGTATTGGGAGT
sm_D2501F-D2501R	GCGCATTGGTGTTAGwAATCC	TTCGACGGAGGACGTAAAAA
sm_D3601F-D3601R	TGAGGCTAGCTGATACTGAAGATG	GGTGACCCCTCTTTGGTTTT