sm_Cy5trnL5-trnLR5	CGAAATCGGTAGACGCTACGC	CGTTAGAACAGCTTCCATTG
sm_Cy5trnLF7-trnLR7	CATAGCAAATGATTCATCGC	TAGGGGGTTTCTATAGAACC
sm_Cy5trnLR4-trnLF4	ATCCACTCTCATTGAAGTTG	GATCTATCAAACTCTGGAATG
sm_Cy5trnLF6-trnLR6	CCTGCACAAATTAACATATATG	CGTGCATCATCCTAGCAGAG
sm_Cy5trnL2-Cy5trnF	GGTTCAAGTCCCTCTATCCC	ATTTGAACTGGTGACACGAG
sm_Cy5trnS2-psbC2	AGAGTTTCAGGTCCTACCTA	GTGTTCCTAACTGCCCACTT
sm_Cy5trnS1-trnS2f	GGTTCGAATCCCTCTCTCTC	TAGGTAGGACCTGAAACTCT
sm_Cy5trnHt-HK2R	ACGGGAATTGAACCCGCGCA	CGTGTCACGGCTGATTACTC
sm_Cy5trnHt-HK3R	ACGGGAATTGAACCCGCGCA	CCCGATAAATGATTAGCTAC
sm_Cy5HK1F-HK2R	GATTCTTACCCTCATACTTC	CGTGTCACGGCTGATTACTC
sm_Cy5HK1F-HK3R	GATTCTTACCCTCATACTTC	CCCGATAAATGATTAGCTAC
sm_Cy5HK7F-HK8R	CACCTAGACACTTATCATTC	CCGATTTCTCCAAATTTTCG
sm_Cy5HK9R-HK8F	CTAGCTTCTGTGGAAGTTCC	CGAAAATTTGGAGAAATCGG
sm_Cy5trnK1A-HK6F	CCGACTAGTTCCGGGTTCGA	GGCTTGTACTTTCGCGTCTC
sm_Cy5trnK1A-HK10F	CCGACTAGTTCCGGGTTCGA	GAAAGGCTTGTTATTTCACAG
sm_Cy5F71-F71R1	GCTATGCTTAGTGTGTGACTCGTTG	GACTGTTTCTTGGGATCTCG
sm_Cy5F71-F71R2	GCTATGCTTAGTGTGTGACTCGTTG	AGTTTATAGTGGGGTCAGCC
sm_Cy5F71F2-R622R2	CGAGATCCCAAGAAACAGTC	TCCGCCTTTTCTACATCCC
sm_Cy5trnC-trnC1R	CCAGTTCAAATCTGGGTGTC	GGTACCTGTTTGAGCCACAC
sm_Cy5trnC4F-trnC2R	GATTCAAAAGGGGACGTTGC	GGGTTCAGATGAAACCACAC
sm_Cy5D1R2-D1F1	GCCCCACGGAGCGGTTAGGG	AGTTCCCCGTCCTACCTTTCAC
sm_Cy5ccmp10F-ccmp10R2	TTTTTTTTTAGTGAACGTGTCA	CAGATTAAGATACGAGATATTGG
sm_Cy5trnSf-trnSGr1	GCCGCTTTAGTCCACTCAGC	GGATAAATCCGTTTCGAATC
sm_Cy5trnSGf2-trnSGr2	CCTAATTCTTAGAAAGAATATGAG	GAATAGATATAGAATCTTACTC
sm_Cy5trnSGf3-trnSGr3	GAGTAATAGTGTTCTAATAAGAG	CAGACGCAGTCAAGATAGCA
sm_2F-2R2	GTGCATTCAGATTAGTGTTC	CGACCCGAATATGAGTTTT
sm_3F-3R	GTGGTCATTGATAAGGTACCA	TCCGATGGACTGCAGGTAA
sm_6F-6R	ATTTAACGGGCACAAGTAGA	GGCATCAGCACTTTTCAG
sm_8F2-8R2	AGTGATTGATGTCTCAGGATG 	TGGGGATCATATTGCTTTAC
sm_11F-11R	CGCCGACAAACTCTACATC	CGATCCTCATCCTGTTTTG
sm_12F-12R	CAGATGTTTATCCGTCTTTG	ATTCTGGACATTGATTACGG
sm_13F-13R	GGCATCAGGCTCTTCTTC	GAATCAGTAAAATCGGGATC
sm_14F-14R	GTTGCTCTCGTATGAAATGG	TGGCAAAACCTTCTATCTTG
sm_D963F-D963R	TCCATATCCCCCTTCCTCAA	CTCTCTCTCTCTTGTCTTTA
sm_D3978F-D3978R	GAGATATATAGAGTGGTGGT	TATGCGTTGGTATTGGGAGT
sm_D2501F-D2501R	GCGCATTGGTGTTAGwAATCC	TTCGACGGAGGACGTAAAAA
sm_D3601F-D3601R	TGAGGCTAGCTGATACTGAAGATG	GGTGACCCCTCTTTGGTTTT



